RedirectMatch 301 /cms/2005/09/08/bowlers-mix-june-1993/ /mixes/bowlers-mix-june-1993
RedirectMatch 301 /cms/2005/09/08/decks-fx-mix-august-2004/ /mixes/decks-fx-mix-august-2004
RedirectMatch 301 /cms/2005/09/08/tasty-acid-mix-september-1993/ /mixes/tasty-acid-mix-september-1993
RedirectMatch 301 /cms/2005/09/08/vibration-mix-1998/ /mixes/vibration-mix-1998
RedirectMatch 301 /cms/2005/10/31/post-modern-sleaze-mix-winter-1997/ /mixes/post-modern-sleaze-mix-winter-1997
RedirectMatch 301 /cms/2006/01/16/december-2002-mix/ /mixes/december-2002-mix
RedirectMatch 301 /cms/2006/04/23/birthday-mix-april-2006/ /mixes/birthday-mix-april-2006
RedirectMatch 301 /cms/2006/07/17/cure-for-the-common-sunday-mix-june-2006/ /mixes/cure-for-the-common-sunday-mix-june-2006
RedirectMatch 301 /cms/2006/08/28/hey-mr-dj-mix-june-1994/ /mixes/hey-mr-dj-mix-june-1994
RedirectMatch 301 /cms/2006/09/14/twisted-electro-mix/ /mixes/twisted-electro-mix
RedirectMatch 301 /cms/2006/11/15/hey-mr-dj-mix-side-b-june-1994/ /mixes/hey-mr-dj-mix-side-b-june-1994
RedirectMatch 301 /cms/2006/12/27/christmas-2006-warm-up-mix/ /mixes/christmas-2006-warm-up-mix
RedirectMatch 301 /cms/2006/12/29/christmas-2006-electro-mix/ /mixes/christmas-2006-electro-mix
RedirectMatch 301 /cms/2006/12/30/christmas-2006-80s-mix/ /mixes/christmas-2006-80s-mix
RedirectMatch 301 /cms/2006/12/30/christmas-2006-piano-mix/ /mixes/christmas-2006-piano-mix
RedirectMatch 301 /cms/2006/12/31/christmas-2006-dark-and-dubby-mix/ /mixes/christmas-2006-dark-and-dubby-mix
RedirectMatch 301 /cms/2007/01/01/christmas-2006-phat-and-funky-mix/ /mixes/christmas-2006-phat-and-funky-mix
RedirectMatch 301 /cms/2007/08/23/august-2007-mix/ /mixes/august-2007-mix
RedirectMatch 301 /cms/2007/11/22/november-thanksgiving-mix-2007-tech-house/ /mixes/november-thanksgiving-mix-2007-tech-house
RedirectMatch 301 /cms/2008/07/23/july-2008-mix-ibiza-sunset/ /mixes/july-2008-mix-ibiza-sunset
RedirectMatch 301 /cms/2009/05/31/dj-cruze-live-mix-schmidts-march-2009/ /mixes/dj-cruze-live-mix-schmidts-march-2009
RedirectMatch 301 /cms/2009/08/25/august-2009-mix-ibiza-sunset-2009/ /mixes/august-2009-mix-ibiza-sunset-2009