# RSS feeds
# ---------
# Podcast feed
# http://www.djcruze.co.uk/cms/index.php?feed=rss2&category_name=podcasts
# FeedBurner: http://feeds.feedburner.com/DJCruzePodcast
# Mix feed
# http://www.djcruze.co.uk/cms/index.php?feed=rss2&category_name=mix
# FeedBurner: http://feeds.feedburner.com/DJCruzeMixes

/cms/index.php feed=:feed category_name=:category /:category/feed.xml 301

# Default RSS feed
# http://www.djcruze.co.uk/cms/feed
/cms/feed /feed.xml 301

# Mixes
/cms/2005/09/08/bowlers-mix-june-1993/ /mixes/bowlers-mix-june-1993/ 301
/cms/2005/09/08/decks-fx-mix-august-2004/ /mixes/decks-fx-mix-august-2004/ 301
/cms/2005/09/08/tasty-acid-mix-september-1993/ /mixes/tasty-acid-mix-september-1993/ 301
/cms/2005/09/08/vibration-mix-1998/ /mixes/vibration-mix-1998/ 301
/cms/2005/10/31/post-modern-sleaze-mix-winter-1997/ /mixes/post-modern-sleaze-mix-winter-1997/ 301
/cms/2006/01/16/december-2002-mix/ /mixes/december-2002-mix/ 301
/cms/2006/04/23/birthday-mix-april-2006/ /mixes/birthday-mix-april-2006/ 301
/cms/2006/07/17/cure-for-the-common-sunday-mix-june-2006/ /mixes/cure-for-the-common-sunday-mix-june-2006/ 301
/cms/2006/08/28/hey-mr-dj-mix-june-1994/ /mixes/hey-mr-dj-mix-june-1994/ 301
/cms/2006/09/14/twisted-electro-mix/ /mixes/twisted-electro-mix/ 301
/cms/2006/11/15/hey-mr-dj-mix-side-b-june-1994/ /mixes/hey-mr-dj-mix-side-b-june-1994/ 301
/cms/2006/12/27/christmas-2006-warm-up-mix/ /mixes/christmas-2006-warm-up-mix/ 301
/cms/2006/12/29/christmas-2006-electro-mix/ /mixes/christmas-2006-electro-mix/ 301
/cms/2006/12/30/christmas-2006-80s-mix/ /mixes/christmas-2006-80s-mix/ 301
/cms/2006/12/30/christmas-2006-piano-mix/ /mixes/christmas-2006-piano-mix/ 301
/cms/2006/12/31/christmas-2006-dark-and-dubby-mix/ /mixes/christmas-2006-dark-and-dubby-mix/ 301
/cms/2007/01/01/christmas-2006-phat-and-funky-mix/ /mixes/christmas-2006-phat-and-funky-mix/ 301
/cms/2007/08/23/august-2007-mix/ /mixes/august-2007-mix/ 301
/cms/2007/11/22/november-thanksgiving-mix-2007-tech-house/ /mixes/november-thanksgiving-mix-2007-tech-house/ 301
/cms/2008/07/23/july-2008-mix-ibiza-sunset/ /mixes/july-2008-mix-ibiza-sunset/ 301
/cms/2009/05/31/dj-cruze-live-mix-schmidts-march-2009/ /mixes/dj-cruze-live-mix-schmidts-march-2009/ 301
/cms/2009/08/25/august-2009-mix-ibiza-sunset-2009/ /mixes/august-2009-mix-ibiza-sunset-2009/ 301

# Podcasts
/cms/podcasts/something-fresh/ /podcasts/episode-1-something-fresh/ 301
/cms/2005/10/12/episode-2/ /podcasts/episode-2/ 301
/cms/2005/10/26/episode-3/ /podcasts/episode-3/ 301
/cms/2005/11/08/episode-4-what-else-is-there/ /podcasts/episode-4-what-else-is-there/ 301
/cms/2005/11/23/episode-4-night-life/ /podcasts/episode-4-night-life/ 301
/cms/2005/12/08/episode-6-perfect-motion/ /podcasts/episode-6-perfect-motion/ 301
/cms/2005/12/22/episode-7-merry-christmas/ /podcasts/episode-7-merry-christmas/ 301
/cms/2005/12/31/episode-8-best-of-2005-mix/ /podcasts/episode-8-best-of-2005-mix/ 301
/cms/2006/01/18/episode-9-la-rock-01/ /podcasts/episode-9-la-rock-01/ 301
/cms/2006/01/31/episode-10-keep-the-fire-burning/ /podcasts/episode-10-keep-the-fire-burning/ 301
/cms/2006/02/22/episode-11-time-to-get-funky/ /podcasts/episode-11-time-to-get-funky/ 301
/cms/podcasts/episode-12-how-would-u-feel/ /podcasts/episode-12-how-would-u-feel/ 301
/cms/podcasts/episode-13-return-of-the-vigilante/ /podcasts/episode-13-return-of-the-vigilante/ 301
/cms/podcasts/episode-14-cease/ /podcasts/episode-14-cease/ 301
/cms/podcasts/episode-15-the-game/ /podcasts/episode-15-the-game/ 301
/cms/podcasts/episode-16-renegade-master/ /podcasts/episode-16-renegade-master/ 301
/cms/podcasts/episode-17-golden-sun/ /podcasts/episode-17-golden-sun/ 301
/cms/podcasts/episode-18-what-the-hell/ /podcasts/episode-18-what-the-hell/ 301
/cms/podcasts/episode-19-watch-the-sunrise/ /podcasts/episode-19-watch-the-sunrise/ 301
/cms/podcasts/episode-20-dj-dylsexic-guest-mix/ /podcasts/episode-20-dj-dylsexic-guest-mix/ 301
/cms/2006/09/23/episode-21-seasons-of-love/ /podcasts/episode-21-seasons-of-love/ 301
/cms/2006/10/10/episode-22-life-begins/ /podcasts/episode-22-life-begins/ 301
/cms/2006/10/25/episode-23-easy/ /podcasts/episode-23-easy/ 301
/cms/2006/12/06/episode-24-the-beat-is-rockin/ /podcasts/episode-24-the-beat-is-rockin/ 301
/cms/2006/12/24/episode-25-santa-baby/ /podcasts/episode-25-santa-baby/ 301
/cms/2006/12/31/episode-26-best-of-2006/ /podcasts/episode-26-best-of-2006/ 301
/cms/2007/01/14/episode-27-ghetto-girl/ /podcasts/episode-27-ghetto-girl/ 301
/cms/2007/01/28/episode-28-joy/ /podcasts/episode-28-joy/ 301
/cms/2007/02/26/episode-29-battle-royal/ /podcasts/episode-29-battle-royal/ 301
/cms/2007/03/22/episode-30-street-justice/ /podcasts/episode-30-street-justice/ 301
/cms/2007/05/30/episode-31-sweet-harmony/ /podcasts/episode-31-sweet-harmony/ 301
/cms/2007/09/02/episode-32-is-anyone-still-subscribed/ /podcasts/episode-32-is-anyone-still-subscribed/ 301
/cms/2007/10/09/episode-33-the-girl-you-lost-to-cocaine/ /podcasts/episode-33-the-girl-you-lost-to-cocaine/ 301
/cms/2007/12/07/episode-34-chime/ /podcasts/episode-34-chime/ 301
/cms/2007/12/24/episode-35-the-christmas-podcast-2007/ /podcasts/episode-35-the-christmas-podcast-2007/ 301
/cms/2008/01/06/episode-36-best-of-2007-podcast/ /podcasts/episode-36-best-of-2007-podcast/ 301
/cms/2008/02/04/episode-37-change/ /podcasts/episode-37-change/ 301
/cms/2008/03/17/episode-38-apocalypse/ /podcasts/episode-38-apocalypse/ 301
/cms/2008/05/27/episode-39-higher/ /podcasts/episode-39-higher/ 301
/cms/2008/06/22/episode-40-afrojacker/ /podcasts/episode-40-afrojacker/ 301
/cms/2008/07/20/episode-41-neon-lights/ /podcasts/episode-41-neon-lights/ 301
/cms/2008/08/24/episode-42-music-talking/ /podcasts/episode-42-music-talking/ 301
/cms/2008/09/21/episode-43-walking-on-a-dream/ /podcasts/episode-43-walking-on-a-dream/ 301
/cms/2008/10/22/episode-44-better-days/ /podcasts/episode-44-better-days/ 301
/cms/2008/11/23/episode-45-ghosts-n-stuff/ /podcasts/episode-45-ghosts-n-stuff/ 301
/cms/2008/12/23/episode-46-sexy-dancer/ /podcasts/episode-46-sexy-dancer/ 301
/cms/2009/01/02/episode-47-the-best-of-2008-mix-part-1-the-house-mix/ /podcasts/episode-47-the-best-of-2008-mix-part-1-the-house-mix/ 301
/cms/2009/01/13/episode-48-the-best-of-2008-mix-part-2-the-electro-house-mix/ /podcasts/episode-48-the-best-of-2008-mix-part-2-the-electro-house-mix/ 301
/cms/2009/02/12/episode-49-flashback/ /podcasts/episode-49-flashback/ 301
/cms/2009/04/01/episode-50-something-about-you/ /podcasts/episode-50-something-about-you/ 301
/cms/2009/05/14/episode-51-melo/ /podcasts/episode-51-melo/ 301
/cms/2009/06/16/episode-52-in-the-moment/ /podcasts/episode-52-in-the-moment/ 301
/cms/2009/08/02/episode-53-ready-for-the-weekend/ /podcasts/episode-53-ready-for-the-weekend/ 301
/cms/2009/09/26/episode-54-way-in-my-brain/ /podcasts/episode-54-way-in-my-brain/ 301
/cms/2010/06/17/episode-55-im-alive/ /podcasts/episode-55-im-alive/ 301
/cms/2010/08/18/episode-56-teenage-crime/ /podcasts/episode-56-teenage-crime/ 301
/cms/2011/06/28/dj-cruze-podcast-episode-57-june-2011/ /podcasts/dj-cruze-podcast-episode-57-june-2011/ 301

# Change all other urls from old CMS route
/cms/:url /:url/ 301
